ID,Tube,Trt,Time ,Type,Rep,Weight,Qubit.1,Qubit.2,Sample.Date,Extraction.Date,Notes,96_Well_Position_Fungi,Gel_Well_Position_Fungi,Barcode_num_Fungi,Barcode_Fungi,Date of PCR Fungi,96_Well_Position_Bacteria,Gel_Well_Position_Bacteria,Barcode_num_Bacteria,Barcode_Bacteria,PCR_date_bacteria
74,C_17hr_Bulk_4,Control ,17hrs,Bulk.Soil,4,NA,too low,too low,6/17/23,9/17/23,,B10,1T26,650,CCGGCTTATG,10/18/23,B10,,682,GCGCTTAGAA,11/28/23
53,C_17hr_Sperm_3,Control ,17hrs,Spermosphere,3,NA,too low,too low,6/17/23,9/6/23,,E7,1T5,629,CACGCTATTG,10/18/23,E7,,661,TTCCAGGCAG,11/28/23
32,C_Plt_Bulk_2,Control ,Planting,Bulk.Soil,2,NA,too low,too low,6/16/23,9/15/23,,H4,1B16,608,GGAACGACGT,10/18/23,H4,,640,GCAGAGAGGC,11/28/23
11,C_Plt_Sperm_1,Control ,Planting,Spermosphere,1,NA,too low,too low,6/16/23,9/6/23,This_Is_Correct,C3,1B21,587,AATCGCCCTT,10/18/23,C2,,619,AGCCCTGCTA,11/28/23
95,C_V2_Bulk_5,Control ,V2,Bulk.Soil,5,NA,too low,too low,7/5/23,9/12/23,,G12,2B13,671,CGTGTAGTAG,10/18/23,G12,,703,TAACCACCAA,11/28/23
116,C_V2_Rhizo_6,Control ,V2,Rhizosphere,6,NA,too low,too low,7/5/23,9/14/23,,D3,2B8,748,CCAGCTGGAC,10/18/23,D3,,724,GGTGGCATGG,11/28/23
78,NS_17hr_Bulk_11,Non.Steamed,17hrs,Bulk.Soil,11,296.9,19.3,19.3,6/17/23,9/17/23,,F10,1T30,654,TTACGTGGCG,10/18/23,F10,,686,GAACCTATGA,11/28/23
79,NS_17hr_Bulk_12,Non.Steamed,17hrs,Bulk.Soil,12,298.2,14.1,13.9,6/17/23,9/17/23,,G10,1T31,655,TTGGCGGGTT,10/18/23,G10,,687,CCTTGGAATC,11/28/23
80,NS_17hr_Bulk_13,Non.Steamed,17hrs,Bulk.Soil,13,306.4,27.8,27.6,6/17/23,9/17/23,,H10,1T32,656,TGCAACTTGC,10/18/23,H10,,688,CACTTGCTCT,11/28/23
81,NS_17hr_Bulk_16,Non.Steamed,17hrs,Bulk.Soil,16,326.9,25.6,25.1,6/17/23,9/17/23,,A11,1T33,657,GTGTGGCAGA,10/18/23,A11,,689,GAACAGCTCT,11/28/23
82,NS_17hr_Bulk_17,Non.Steamed,17hrs,Bulk.Soil,17,315.9,40.9,41.6,6/17/23,9/17/23,,B11,1T34,658,TACTACGTGG,10/18/23,B11,,690,GCCAATCCAA,11/28/23
83,NS_17hr_Bulk_18,Non.Steamed,17hrs,Bulk.Soil,18,308,14.2,14.3,6/17/23,9/17/23,,C11,1T35,659,CACGCAGTCT,10/18/23,C11,,691,CCTTCAATGG,11/28/23
84,NS_17hr_Bulk_19,Non.Steamed,17hrs,Bulk.Soil,19,307,11,10.9,6/17/23,9/17/23,,D11,1T36,660,TTCACTGTGC,10/18/23,D11,,692,CTGGAACATT,11/28/23
75,NS_17hr_Bulk_3,Non.Steamed,17hrs,Bulk.Soil,3,297.6,31.4,31.4,6/17/23,9/17/23,,C10,1T27,651,CTGTGCAACG,10/18/23,C10,,683,AGGTGTATCA,11/28/23
76,NS_17hr_Bulk_4,Non.Steamed,17hrs,Bulk.Soil,4,296.3,17.8,17.4,6/17/23,9/17/23,,D10,1T28,652,AGGGTACAGG,10/18/23,D10,,684,CATAGGCCAT,11/28/23
77,NS_17hr_Bulk_9,Non.Steamed,17hrs,Bulk.Soil,9,297.5,17.5,17.5,6/17/23,9/17/23,,E10,1T29,653,GGAACACATG,10/18/23,E10,,685,CGACACGGAG,11/28/23
57,NS_17hr_Sperm_11,Non.Steamed,17hrs,Spermosphere,11,246.5,18,17.6,6/17/23,9/6/23,,A8,1T9,633,CCAGTGGATA,10/18/23,A8,,665,GTGAGGGCAA,11/28/23
58,NS_17hr_Sperm_12,Non.Steamed,17hrs,Spermosphere,12,250.4,21.8,21.2,6/17/23,9/6/23,,B8,1T10,634,TGTGTGTAAC,10/18/23,B8,,666,CGTGGGCTCA,11/28/23
59,NS_17hr_Sperm_13,Non.Steamed,17hrs,Spermosphere,13,250.3,13.9,13.8,6/17/23,9/6/23,,C8,1T11,635,CCAATCGTGC,10/18/23,C8,,667,CCTCATGCTA,11/28/23
60,NS_17hr_Sperm_16,Non.Steamed,17hrs,Spermosphere,16,244.5,25.3,25.4,6/17/23,9/6/23,,D8,1T12,636,ATGTAATAGG,10/18/23,D8,,668,CTGATCCATC,11/28/23
61,NS_17hr_Sperm_17,Non.Steamed,17hrs,Spermosphere,17,247.3,28.8,28.8,6/17/23,9/6/23,,E8,1T13,637,GACTCGCAAC,10/18/23,E8,,669,TATGCTCTCT,11/28/23
62,NS_17hr_Sperm_18,Non.Steamed,17hrs,Spermosphere,18,245.2,21.9,21.8,6/17/23,9/6/23,,F8,1T14,638,GTGCGAGGAC,10/18/23,F8,,670,ATGTTTAGAC,11/28/23
63,NS_17hr_Sperm_19,Non.Steamed,17hrs,Spermosphere,19,248.1,28.4,28.6,6/17/23,9/6/23,,G8,1T15,639,CGTAAGATGC,10/18/23,G8,,671,CGTGTAGTAG,11/28/23
54,NS_17hr_Sperm_3,Non.Steamed,17hrs,Spermosphere,3,247.9,20.1,19.7,6/17/23,9/6/23,,F7,1T6,630,AACTTCACTT,10/18/23,F7,,662,CAATGCCTCA,11/28/23
55,NS_17hr_Sperm_4,Non.Steamed,17hrs,Spermosphere,4,253,24.9,24.9,6/17/23,9/6/23,,G7,1T7,631,GAGTCGATCT,10/18/23,G7,,663,AACGAATACC,11/28/23
56,NS_17hr_Sperm_9,Non.Steamed,17hrs,Spermosphere,9,243.5,14.3,14.2,6/17/23,9/6/23,,H7,1T8,632,GACCTACCGC,10/18/23,H7,,664,ATGGTTCACC,11/28/23
39,NS_Plt_Bulk_1,Non.Steamed,Planting,Bulk.Soil,1,298.9,20.6,20.5,6/16/23,9/15/23,,G5,1B30,615,GTTTCACGCG,10/18/23,G5,,647,CAATGAGGGA,11/28/23
38,NS_Plt_Bulk_10,Non.Steamed,Planting,Bulk.Soil,10,309.2,29.5,29.3,6/16/23,9/15/23,,F5,1B28,614,CTGGTGCTGA,10/18/23,F5,,646,GTTGACCATC,11/28/23
35,NS_Plt_Bulk_14,Non.Steamed,Planting,Bulk.Soil,14,350,27.1,27.3,6/16/23,9/15/23,,C5,1B22,611,AGAGATTATG,10/18/23,C5,,643,TGACGTAGAA,11/28/23
34,NS_Plt_Bulk_15,Non.Steamed,Planting,Bulk.Soil,15,293.9,12.2,12.1,6/16/23,9/15/23,,B5,1B20,610,CAGATCCCAA,10/18/23,B5,,642,ACGATTCGAG,11/28/23
42,NS_Plt_Bulk_2,Non.Steamed,Planting,Bulk.Soil,2,296.9,18.8,18.3,6/16/23,9/15/23,,B6,1B36,618,CTCCCACTAG,10/18/23,B6,,650,CCGGCTTATG,11/28/23
37,NS_Plt_Bulk_20,Non.Steamed,Planting,Bulk.Soil,20,310.5,38.4,37.7,6/16/23,9/15/23,,E5,1B26,613,TCGGCGATCA,10/18/23,E5,,645,GTGGTATGGG,11/28/23
36,NS_Plt_Bulk_5,Non.Steamed,Planting,Bulk.Soil,5,312.3,29.9,29.5,6/16/23,9/15/23,,D5,1B24,612,TCCATTTCAT,10/18/23,D5,,644,CTACAATTGA,11/28/23
40,NS_Plt_Bulk_6,Non.Steamed,Planting,Bulk.Soil,6,301.9,23.8,23.8,6/16/23,9/15/23,,H5,1B32,616,TGAATACCTG,10/18/23,H5,,648,GTGACGTTAG,11/28/23
41,NS_Plt_Bulk_7,Non.Steamed,Planting,Bulk.Soil,7,326,21.9,21.7,6/16/23,9/15/23,,A6,1B34,617,TACTCTCTTA,10/18/23,A6,,649,ATGGAAGGTG,11/28/23
33,NS_Plt_Bulk_8,Non.Steamed,Planting,Bulk.Soil,8,297.9,20.1,20.1,6/16/23,9/15/23,,A5,1B18,609,GGCCTATAAG,10/18/23,A5,,641,TCCTTGTCCT,11/28/23
18,NS_Plt_Sperm_1,Non.Steamed,Planting,Spermosphere,1,282,30.6,29.8,6/16/23,9/6/23,,B3,1B35,594,TACGCAGCAC,10/18/23,B3,,626,GTCACATCAC,11/28/23
17,NS_Plt_Sperm_10,Non.Steamed,Planting,Spermosphere,10,288,10.1,9.94,6/16/23,9/6/23,,A3,1B33,593,TAATACGGAT,10/18/23,A3,,625,GGCCAAGGAA,11/28/23
14,NS_Plt_Sperm_14,Non.Steamed,Planting,Spermosphere,14,168.6,4.34,4.31,6/16/23,9/6/23,,F2,1B27,590,CTGGTAAGTC,10/18/23,F2,,622,TCAGGTTGCC,11/28/23
13,NS_Plt_Sperm_15,Non.Steamed,Planting,Spermosphere,15,191.9,8.59,8.78,6/16/23,9/6/23,,E2,1B25,589,CCGCTACGTG,10/18/23,E2,,621,GTTTGGCCAC,11/28/23
21,NS_Plt_Sperm_2,Non.Steamed,Planting,Spermosphere,2,273.5,12.5,12.4,6/16/23,9/6/23,,E3,1B41,597,TGCCGCCGTA,10/18/23,E3,,602,CCGGTGTGAT,11/28/23
16,NS_Plt_Sperm_20,Non.Steamed,Planting,Spermosphere,20,271,9.68,9.73,6/16/23,9/6/23,,H2,1B31,592,GACAAACCTT,10/18/23,H2,,624,TCATTCCACT,11/28/23
15,NS_Plt_Sperm_5,Non.Steamed,Planting,Spermosphere,5,215.1,13.6,13.4,6/16/23,9/6/23,,G2,1B29,591,AGAGCTCCTC,10/18/23,G2,,623,CTGTCAGTGA,11/28/23
19,NS_Plt_Sperm_6,Non.Steamed,Planting,Spermosphere,6,263.8,14.8,14.7,6/16/23,9/6/23,,C2,1B37,595,CGCTTAGTGC,10/18/23,C3,,627,CGACATTTCT,11/28/23
20,NS_Plt_Sperm_7,Non.Steamed,Planting,Spermosphere,7,260.7,8.8,8.67,6/16/23,9/6/23,,D3,1B39,596,CAAAGTTTGC,10/18/23,D3,,628,GGACGTTAAC,11/28/23
12,NS_Plt_Sperm_8,Non.Steamed,Planting,Spermosphere,8,134.5,4.65,4.52,6/16/23,9/6/23,,D2,1B23,588,CGGCGATGAA,10/18/23,D2,,620,CGAAGCATCT,11/28/23
100,NS_V2_Bulk_12,Non.Steamed,V2,Bulk.Soil,12,291.9,13.1,13.1,7/5/23,9/12/23,,D1,2B23,732,GCCCGACATA,10/18/23,D1,,708,ATGATCGGTA,11/28/23
101,NS_V2_Bulk_13,Non.Steamed,V2,Bulk.Soil,13,272.8,18.9,18.5,7/5/23,9/12/23,,E1,2B25,733,AGTATTCGCG,10/18/23,E1,,709,TTACCCGCAC,11/28/23
102,NS_V2_Bulk_15,Non.Steamed,V2,Bulk.Soil,15,286,15.5,15.3,7/5/23,9/12/23,,F1,2B27,734,TGCCAACAAC,10/18/23,F1,,710,GCTCCGACCA,11/28/23
103,NS_V2_Bulk_16,Non.Steamed,V2,Bulk.Soil,16,288.7,39.4,39.2,7/5/23,9/12/23,,G1,2B29,735,AGTGCTAGGT,10/18/23,G1,,711,CAAACTGCGT,11/28/23
104,NS_V2_Bulk_18,Non.Steamed,V2,Bulk.Soil,18,291.6,29.6,29.5,7/5/23,9/12/23,,H1,2B31,736,CGGAAACTCC,10/18/23,H1,,712,GAAGGAAAGT,11/28/23
105,NS_V2_Bulk_19,Non.Steamed,V2,Bulk.Soil,19,268.3,14.7,14.4,7/5/23,9/12/23,,A2,2B33,737,GGTACCTGCA,10/18/23,A2,,713,AATGCAATGC,11/28/23
96,NS_V2_Bulk_3,Non.Steamed,V2,Bulk.Soil,3,271.1,35.4,35.3,7/5/23,9/12/23,,H12,2B15,672,GACGCTTTGC,10/18/23,H12,,704,TCGCCAGTGC,11/28/23
97,NS_V2_Bulk_4,Non.Steamed,V2,Bulk.Soil,4,285.7,23.4,23.4,7/5/23,9/12/23,,A1,2B17,729,CGATCTTCGA,10/18/23,A1,,705,TGCGTCAGCT,11/28/23
98,NS_V2_Bulk_8,Non.Steamed,V2,Bulk.Soil,8,295.6,25.4,25,7/5/23,9/12/23,,B1,2B19,721,CGATATCAGT,10/18/23,B1,,706,TGTAAGACTT,11/28/23
99,NS_V2_Bulk_9,Non.Steamed,V2,Bulk.Soil,9,291.6,30.1,30.1,7/5/23,9/12/23,,C1,2B21,731,CAACAATGCC,10/18/23,C1,,707,CGAAATGCAT,11/28/23
121,NS_V2_Rhizo_12,Non.Steamed,V2,Rhizosphere,12,246.1,26.7,26.7,7/5/23,9/14/23,,A4,2B18,753,CTCTAACCTC,10/18/23,A4,,729,CGATCTTCGA,11/28/23
122,NS_V2_Rhizo_13,Non.Steamed,V2,Rhizosphere,13,206.9,14.4,14.3,7/5/23,9/14/23,,B4,2B20,754,GATTCGAGTG,10/18/23,B4,,730,CGATATCAGT,11/28/23
123,NS_V2_Rhizo_15,Non.Steamed,V2,Rhizosphere,15,693.2,66.1,66.5,7/5/23,9/14/23,,C4,2B22,755,GCGAGTTCCT,10/18/23,C4,,731,CAACAATGCC,11/28/23
124,NS_V2_Rhizo_16,Non.Steamed,V2,Rhizosphere,16,277.8,23.6,23.6,7/5/23,9/14/23,,D4,2B24,756,GGTAACCTCT,10/18/23,D4,,732,GCCCGACATA,11/28/23
125,NS_V2_Rhizo_18,Non.Steamed,V2,Rhizosphere,18,333.4,54.3,53.6,7/5/23,9/14/23,,E4,2B26,757,AGCGAACCTG,10/18/23,E4,,733,AGTATTCGCG,11/28/23
126,NS_V2_Rhizo_19,Non.Steamed,V2,Rhizosphere,19,509.2,43.3,42.6,7/5/23,9/14/23,,F4,2B28,758,ACATGCACAT,10/18/23,F4,,734,TGCCAACAAC,11/28/23
117,NS_V2_Rhizo_3,Non.Steamed,V2,Rhizosphere,3,271.6,30.9,30.7,7/5/23,9/14/23,,E3,2B10,749,CTGCAGTAAG,10/18/23,E3,,725,AGAGACGCGT,11/28/23
118,NS_V2_Rhizo_4,Non.Steamed,V2,Rhizosphere,4,461.1,39.5,39.2,7/5/23,9/14/23,,F3,2B12,750,TCCGTCATGG,10/18/23,F3,,726,GTTATGACGG,11/28/23
119,NS_V2_Rhizo_8,Non.Steamed,V2,Rhizosphere,8,737.6,76.6,77,7/5/23,9/14/23,,G3,2B14,751,GCACAAGGCA,10/18/23,G3,,727,TCGCATGGAT,11/28/23
120,NS_V2_Rhizo_9,Non.Steamed,V2,Rhizosphere,9,252,34.9,34.8,7/5/23,9/14/23,,H3,2B16,752,TATAGGCTCC,10/18/23,H3,,728,CACAGGATTA,11/28/23
129,PCR_Negative_1,Control ,Control,Negative Control,1,na,na,na,10/18/23,10/18/23,,A5,2B34,761,CGTTCTGGTG,10/18/23,A5,,737,GGTACCTGCA,11/28/23
130,PCR_Negative_2,Control ,Control,Negative Control,1,na,na,na,10/18/23,10/18/23,,B5,2B36,762,CTGCATACTG,10/18/23,B5,,738,GTCTGACGGT,11/28/23
131,PCR_Negative_3,Control ,Control,Negative Control,1,na,na,na,10/18/23,10/18/23,,C5,2B38,763,TAAAGCGAGG,10/18/23,C5,,739,GTCGAATTTG,11/28/23
127,Positive_Mock_LL,Control ,Control,Positive Control,1,na,na,na,10/18/23,10/18/23,,G4,2B30,759,ACACTGGTCC,10/18/23,G4,,735,AGTGCTAGGT,11/28/23
128,Positive_Mock_LL2,Control ,Control,Positive Control,2,na,na,na,10/18/23,10/18/23,,H4,2B32,760,ATCCTTTGGT,10/18/23,H4,,736,CGGAAACTCC,11/28/23
64,S_17hr_Bulk_1,Steamed ,17hrs,Bulk.Soil,1,307.6,17.2,16.8,6/17/23,9/17/23,,H8,1T16,640,GCAGAGAGGC,10/18/23,H8,,672,GACGCTTTGC,11/28/23
69,S_17hr_Bulk_10,Steamed ,17hrs,Bulk.Soil,10,311.7,15.3,15.2,6/17/23,9/17/23,,E9,1T21,645,GTGGTATGGG,10/18/23,E9,,677,CAAACCTATG,11/28/23
70,S_17hr_Bulk_11,Steamed ,17hrs,Bulk.Soil,11,310.7,13.6,13.5,6/17/23,9/17/23,,F9,1T22,646,GTTGACCATC,10/18/23,F9,,678,GGTGAAACCT,11/28/23
71,S_17hr_Bulk_14,Steamed ,17hrs,Bulk.Soil,14,299.9,17.7,17.6,6/17/23,9/17/23,,G9,1T23,647,CAATGAGGGA,10/18/23,G9,,679,ACCATCCAAC,11/28/23
72,S_17hr_Bulk_18,Steamed ,17hrs,Bulk.Soil,18,311.7,10.3,10.3,6/17/23,9/17/23,,H9,1T24,648,GTGACGTTAG,10/18/23,H9,,680,GCAAGTGTGA,11/28/23
73,S_17hr_Bulk_20,Steamed ,17hrs,Bulk.Soil,20,303.4,8.66,8.79,6/17/23,9/17/23,,A10,1T25,649,ATGGAAGGTG,10/18/23,A10,,681,GCAATAGGAG,11/28/23
65,S_17hr_Bulk_3,Steamed ,17hrs,Bulk.Soil,3,304.3,34.8,35.3,6/17/23,9/17/23,,A9,1T17,641,TCCTTGTCCT,10/18/23,A9,,673,ACAGGGTTTG,11/28/23
66,S_17hr_Bulk_4,Steamed ,17hrs,Bulk.Soil,4,304.3,15.7,15.7,6/17/23,9/17/23,,B9,1T18,642,ACGATTCGAG,10/18/23,B9,,674,ACGAGTTTAC,11/28/23
67,S_17hr_Bulk_7,Steamed ,17hrs,Bulk.Soil,7,301.7,14,14,6/17/23,9/17/23,,C9,1T19,643,TGACGTAGAA,10/18/23,C9,,675,TGGTCAACGA,11/28/23
68,S_17hr_Bulk_8,Steamed ,17hrs,Bulk.Soil,8,303,11.6,11.7,6/17/23,9/17/23,,D9,1T20,644,CTACAATTGA,10/18/23,D9,,676,AAGCCCAGCA,11/28/23
43,S_17hr_Sperm_1,Steamed ,17hrs,Spermosphere,1,239.1,11.4,11.1,6/17/23,9/6/23,,C6,1B38,619,AGCCCTGCTA,10/18/23,C6,,651,CTGTGCAACG,11/28/23
48,S_17hr_Sperm_10,Steamed ,17hrs,Spermosphere,10,246.7,6.8,6.75,6/17/23,9/6/23,,H6,1B48,624,TCATTCCACT,10/18/23,H6,,656,TGCAACTTGC,11/28/23
49,S_17hr_Sperm_11,Steamed ,17hrs,Spermosphere,11,217.6,13.7,13.4,6/17/23,9/6/23,,A7,1T1,625,GGCCAAGGAA,10/18/23,A7,,657,GTGTGGCAGA,11/28/23
50,S_17hr_Sperm_14,Steamed ,17hrs,Spermosphere,14,248.3,15.1,14.7,6/17/23,9/6/23,,B7,1T2,626,GTCACATCAC,10/18/23,B7,,658,TACTACGTGG,11/28/23
51,S_17hr_Sperm_18,Steamed ,17hrs,Spermosphere,18,248.2,4.86,4.76,6/17/23,9/6/23,,C7,1T3,627,CGACATTTCT,10/18/23,C7,,659,CACGCAGTCT,11/28/23
52,S_17hr_Sperm_20,Steamed ,17hrs,Spermosphere,20,NA,NA,NA,6/17/23,9/6/23,,D7,1T4,628,GGACGTTAAC,10/18/23,D7,,660,TTCACTGTGC,11/28/23
44,S_17hr_Sperm_3,Steamed ,17hrs,Spermosphere,3,242.7,15.6,15.6,6/17/23,9/6/23,,D6,1B40,620,CGAAGCATCT,10/18/23,D6,,652,AGGGTACAGG,11/28/23
45,S_17hr_Sperm_4,Steamed ,17hrs,Spermosphere,4,239.1,16,15.9,6/17/23,9/6/23,,E6,1B42,621,GTTTGGCCAC,10/18/23,E6,,653,GGAACACATG,11/28/23
46,S_17hr_Sperm_7,Steamed ,17hrs,Spermosphere,7,249.8,5.7,5.72,6/17/23,9/6/23,,F6,1B44,622,TCAGGTTGCC,10/18/23,F6,,654,TTACGTGGCG,11/28/23
47,S_17hr_Sperm_8,Steamed ,17hrs,Spermosphere,8,248.1,7.07,6.87,6/17/23,9/6/23,,G6,1B46,623,CTGTCAGTGA,10/18/23,G6,,655,TTGGCGGGTT,11/28/23
25,S_Plt_Bulk_12,Steamed ,Planting,Bulk.Soil,12,316.7,20.2,20,6/16/23,9/15/23,,A4,1B2,601,CCACAACGAT,10/18/23,A4,,633,CCAGTGGATA,11/28/23
31,S_Plt_Bulk_13,Steamed ,Planting,Bulk.Soil,13,301.9,22.2,21.9,6/16/23,9/15/23,,G4,1B14,607,TAATCTCGCC,10/18/23,G4,,639,CGTAAGATGC,11/28/23
27,S_Plt_Bulk_15,Steamed ,Planting,Bulk.Soil,15,304.9,17.8,17.5,6/16/23,9/15/23,,C4,1B6,603,CAAGGCACAA,10/18/23,C4,,635,CCAATCGTGC,11/28/23
22,S_Plt_Bulk_16,Steamed ,Planting,Bulk.Soil,16,304.4,12,11.7,6/16/23,9/15/23,,F3,1B43,598,CCAGGGACTT,10/18/23,F3,,630,AACTTCACTT,11/28/23
28,S_Plt_Bulk_17,Steamed ,Planting,Bulk.Soil,17,299.1,10.3,10.5,6/16/23,9/15/23,,D4,1B8,604,AACCTCGGAT,10/18/23,D4,,636,ATGTAATAGG,11/28/23
26,S_Plt_Bulk_19,Steamed ,Planting,Bulk.Soil,19,294.3,14.1,13.9,6/16/23,9/15/23,,B4,1B4,602,CCGGTGTGAT,10/18/23,B4,,634,TGTGTGTAAC,11/28/23
30,S_Plt_Bulk_2,Steamed ,Planting,Bulk.Soil,2,310,19,19,6/16/23,9/15/23,,F4,1B12,606,ATAGTGTTCG,10/18/23,F4,,638,GTGCGAGGAC,11/28/23
29,S_Plt_Bulk_5,Steamed ,Planting,Bulk.Soil,5,309.8,5.53,5.2,6/16/23,9/15/23,,E4,1B10,605,GTGCTTGTGT,10/18/23,E4,,637,GACTCGCAAC,11/28/23
24,S_Plt_Bulk_6,Steamed ,Planting,Bulk.Soil,6,298.6,21.9,21.5,6/16/23,9/15/23,,H3,1B47,600,CGCTGTGGAT,10/18/23,H3,,632,GACCTACCGC,11/28/23
23,S_Plt_Bulk_9,Steamed ,Planting,Bulk.Soil,9,304.9,12.1,12.1,6/16/23,9/15/23,,G3,1B45,599,GCAATCCTTG,10/18/23,G3,,631,GAGTCGATCT,11/28/23
4,S_Plt_Sperm_12,Steamed ,Planting,Spermosphere,12,255.7,11.5,11.5,6/16/23,9/6/23,,D1,1B7,580,AGTCGGCATC,10/18/23,D1,,612,TCCATTTCAT,11/28/23
10,S_Plt_Sperm_13,Steamed ,Planting,Spermosphere,13,228.4,9.08,8.95,6/16/23,9/6/23,,B2,1B19,586,CCACCCAGTA,10/18/23,B2,,618,CTCCCACTAG,11/28/23
6,S_Plt_Sperm_15,Steamed ,Planting,Spermosphere,15,254.4,16,16.2,6/16/23,9/6/23,,F1,1B11,582,TAGCGCGAAC,10/18/23,F1,,614,CTGGTGCTGA,11/28/23
1,S_Plt_Sperm_16,Steamed ,Planting,Spermosphere,16,248,4.86,5,6/16/23,9/6/23,,A1,1B1,577,GATGGTTTCA,18-Oct,A1,,609,GGCCTATAAG,11/28/23
7,S_Plt_Sperm_17,Steamed ,Planting,Spermosphere,17,258.8,7.5,7.53,6/16/23,9/6/23,,G1,1B13,583,ACCTCAGTCA,10/18/23,G1,,615,GTTTCACGCG,11/28/23
5,S_Plt_Sperm_19,Steamed ,Planting,Spermosphere,19,146.2,31.1,31.4,6/16/23,9/6/23,,E1,1B9,581,TGTCTGACGC,10/18/23,E1,,613,TCGGCGATCA,11/28/23
9,S_Plt_Sperm_2,Steamed ,Planting,Spermosphere,2,282.2,8.19,8.32,6/16/23,9/6/23,,A2,1B17,585,CTCCACATTC,10/18/23,A2,,617,TACTCTCTTA,11/28/23
8,S_Plt_Sperm_5,Steamed ,Planting,Spermosphere,5,234.5,9.61,9.32,6/16/23,9/6/23,,H1,1B15,584,GCTATGGAAC,10/18/23,H1,,616,TGAATACCTG,11/28/23
3,S_Plt_Sperm_6,Steamed ,Planting,Spermosphere,6,253.2,3.39,3.62,6/16/23,9/6/23,,C1,1B5,579,AAGGCGCTCC,10/18/23,C1,,611,AGAGATTATG,11/28/23
2,S_Plt_Sperm_9,Steamed ,Planting,Spermosphere,9,248.2,4.75,4.63,6/16/23,9/6/23,,B1,1B3,578,TAATTGCAGA,10/18/23,B1,,610,CAGATCCCAA,11/28/23
85,S_V2_Bulk_1,Steamed ,V2,Bulk.Soil,1,252.6,7.84,7.62,7/5/23,9/12/23,,E11,1T37,661,TTCCAGGCAG,10/18/23,E11,,693,TGGTCGCATC,11/28/23
90,S_V2_Bulk_10,Steamed ,V2,Bulk.Soil,10,282.9,11.7,11.4,7/5/23,9/12/23,,B12,2B3,666,CGTGGGCTCA,10/18/23,B12,,698,CGCGCCTTAA,11/28/23
91,S_V2_Bulk_11,Steamed ,V2,Bulk.Soil,11,286.4,6.75,6.71,7/5/23,9/12/23,,C12,2B5,667,CCTCATGCTA,10/18/23,C12,,699,TCAACCCGTG,11/28/23
92,S_V2_Bulk_14,Steamed ,V2,Bulk.Soil,14,288.4,8.15,8.08,7/5/23,9/12/23,,D12,2B7,668,CTGATCCATC,10/18/23,D12,,700,TCCGCGCAAG,11/28/23
93,S_V2_Bulk_18,Steamed ,V2,Bulk.Soil,18,285.9,8.5,8.33,7/5/23,9/12/23,,E12,2B9,669,TATGCTCTCT,10/18/23,E12,,701,GTTTGAAACA,11/28/23
94,S_V2_Bulk_20,Steamed ,V2,Bulk.Soil,20,275.4,4.93,4.9,7/5/23,9/12/23,,F12,2B11,670,ATGTTTAGAC,10/18/23,F12,,702,TGCGGGATTC,11/28/23
86,S_V2_Bulk_3,Steamed ,V2,Bulk.Soil,3,275.4,11.5,11.3,7/5/23,9/12/23,,F11,1T38,662,CAATGCCTCA,10/18/23,F11,,694,TTAGCCCAGC,11/28/23
87,S_V2_Bulk_4,Steamed ,V2,Bulk.Soil,4,270,5.98,5.79,7/5/23,9/12/23,,G11,1T39,663,AACGAATACC,10/18/23,G11,,695,AATGGTTCAG,11/28/23
88,S_V2_Bulk_7,Steamed ,V2,Bulk.Soil,7,270,21.4,21.2,7/5/23,9/12/23,,H11,1T40,664,ATGGTTCACC,10/18/23,H11,,696,ACATACTGAG,11/28/23
89,S_V2_Bulk_8,Steamed ,V2,Bulk.Soil,8,266,8.5,8.44,7/5/23,9/12/23,,A12,2B1,665,GTGAGGGCAA,10/18/23,A12,,697,TTAAGCGCCT,11/28/23
106,S_V2_Rhizo_1,Steamed ,V2,Rhizosphere,1,216.9,13.5,13.2,7/5/23,9/14/23,,B2,2B35,738,GTCTGACGGT,10/18/23,B2,,714,GACCGATAGG,11/28/23
111,S_V2_Rhizo_10,Steamed ,V2,Rhizosphere,10,358.7,22,21.8,7/5/23,9/14/23,,G2,2B45,743,TGTTCTGAGA,10/18/23,G2,,719,GACAACGAAT,11/28/23
112,S_V2_Rhizo_11,Steamed ,V2,Rhizosphere,11,383.5,14.5,14.6,7/5/23,9/14/23,,H2,2B47,744,ATTGCTGGTC,10/18/23,H2,,720,CCATTAGTTC,11/28/23
113,S_V2_Rhizo_14,Steamed ,V2,Rhizosphere,14,663.5,46,45.8,7/5/23,9/14/23,,A3,2B2,745,ATCTCGCTGG,10/18/23,A3,,721,TCGGATCTGT,11/28/23
114,S_V2_Rhizo_18,Steamed ,V2,Rhizosphere,18,322.1,11.5,11.4,7/5/23,9/14/23,,B3,2B4,746,GCGCGTGTAT,10/18/23,B3,,722,GCCGGTACTC,11/28/23
115,S_V2_Rhizo_20,Steamed ,V2,Rhizosphere,20,254.7,14.3,14.2,7/5/23,9/14/23,,C3,2B6,747,AACGCGAAAT,10/18/23,C3,,723,AGAATAGCGC,11/28/23
107,S_V2_Rhizo_3,Steamed ,V2,Rhizosphere,3,155.6,28.9,28.9,7/5/23,9/14/23,,C2,2B37,739,GTCGAATTTG,10/18/23,C2,,715,GGACTATCGT,11/28/23
108,S_V2_Rhizo_4,Steamed ,V2,Rhizosphere,4,395.7,29.7,29.3,7/5/23,9/14/23,,D2,2B39,740,GAAACCAAGC,10/18/23,D2,,716,CAACGCTAGA,11/28/23
109,S_V2_Rhizo_7,Steamed ,V2,Rhizosphere,7,172,15.5,15.4,7/5/23,9/14/23,,E2,2B41,741,TAACCCGATA,10/18/23,E2,,717,GCTATATCCA,11/28/23
110,S_V2_Rhizo_8,Steamed ,V2,Rhizosphere,8,516.8,25,24.9,7/5/23,9/14/23,,F2,2B43,742,GTGTGCTAAC,10/18/23,F2,,718,TATTCCCACG,11/28/23
111,L_PCR_negative,,,Negative Control,,,,,,,,,,,,,,,,,
112,L_PCR_positive1,,,Positive Control,,,,,,,,,,,,,,,,,
113,L_PCR_positive2,,,Positive Control,,,,,,,,,,,,,,,,,
114,L_PCR_positive3,,,Positive Control,,,,,,,,,,,,,,,,,
115,L_Sample_1_2,Soybean Epiphytes,,Soybean Epiphytes,,,,,,,,,,,,,,,,,
116,L_Sample_2_2,Soybean Epiphytes,,Soybean Epiphytes,,,,,,,,,,,,,,,,,
117,L_Sample_3_2,Soybean Epiphytes,,Soybean Epiphytes,,,,,,,,,,,,,,,,,
118,L_Sample_4_,Soybean Epiphytes,,Soybean Epiphytes,,,,,,,,,,,,,,,,,
119,L_Sample_5_2,Soybean Epiphytes,,Soybean Epiphytes,,,,,,,,,,,,,,,,,
120,L_Sample_6_2,Soybean Epiphytes,,Soybean Epiphytes,,,,,,,,,,,,,,,,,
121,L_Sample_7_2,Soybean Epiphytes,,Soybean Epiphytes,,,,,,,,,,,,,,,,,
122,L_Sample_C,,,Negative Control,,,,,,,,,,,,,,,,,
123,L_Sample_C_2,,,Negative Control,,,,,,,,,,,,,,,,,